Rank,Score,Name,ID,Link,Type,Episodes,Start Date,End Date,Status,Premiered,Broadcast,Producers,Licensors,Studios,Source,Genres,Demographics,Duration,Rating,Popularity,Members,Favorites
1,9.29,Sousou no Frieren,52991,https://myanimelist.net/anime/52991/Sousou_no_Frieren,TV,28,Sep 2023,Mar 2024,Finished Airing,,Fridays at 23:00 (JST),,,,,,N/A,24 min. per ep.,PG-13 - Teens 13 or older,#131,"1,218,646","76,095"
2,9.10,Fullmetal Alchemist: Brotherhood,5114,https://myanimelist.net/anime/5114/Fullmetal_Alchemist__Brotherhood,TV,64,Apr 2009,Jul 2010,Finished Airing,,Sundays at 17:00 (JST),,,,,,N/A,24 min. per ep.,R - 17+ (violence &amp; profanity),#3,"3,573,592","236,639"
3,9.07,Steins;Gate,9253,https://myanimelist.net/anime/9253/Steins_Gate,TV,24,Apr 2011,Sep 2011,Finished Airing,,Wednesdays at 02:05 (JST),,,,Visual novel,,N/A,24 min. per ep.,PG-13 - Teens 13 or older,#14,"2,735,218","198,187"
4,9.05,Shingeki no Kyojin Season 3 Part 2,38524,https://myanimelist.net/anime/38524/Shingeki_no_Kyojin_Season_3_Part_2,TV,10,Apr 2019,Jul 2019,Finished Airing,,Mondays at 00:10 (JST),,,,,,N/A,23 min. per ep.,R - 17+ (violence &amp; profanity),#21,"2,494,130","61,763"
5,9.05,Gintama: The Final,39486,https://myanimelist.net/anime/39486/Gintama__The_Final,Movie,1,Jan 2021,Jan 2021,Finished Airing,N/A,N/A,,,,,,N/A,1 hr. 44 min.,PG-13 - Teens 13 or older,#1519,"174,348","4,540"
6,9.05,Gintama°,28977,https://myanimelist.net/anime/28977/Gintama°,TV,51,Apr 2015,Mar 2016,Finished Airing,,Wednesdays at 18:00 (JST),,,,,,N/A,24 min. per ep.,PG-13 - Teens 13 or older,#344,"675,721","17,303"
7,9.03,Hunter x Hunter (2011),11061,https://myanimelist.net/anime/11061/Hunter_x_Hunter_2011,TV,148,Oct 2011,Sep 2014,Finished Airing,,Sundays at 10:55 (JST),,,,,,N/A,23 min. per ep.,PG-13 - Teens 13 or older,#8,"3,078,168","223,806"
8,9.03,One Piece Fan Letter,60022,https://myanimelist.net/anime/60022/One_Piece_Fan_Letter,Special,1,Oct 2024,Oct 2024,Finished Airing,N/A,N/A,"None found,","None found,",,,,N/A,24 min.,PG-13 - Teens 13 or older,#1948,"126,924","2,351"
9,9.02,Ginga Eiyuu Densetsu,820,https://myanimelist.net/anime/820/Ginga_Eiyuu_Densetsu,OVA,110,Jan 1988,Mar 1997,Finished Airing,N/A,N/A,,,,Novel,,N/A,26 min. per ep.,R - 17+ (violence &amp; profanity),#752,"350,353","17,330"
10,9.02,Gintama&#039;,9969,https://myanimelist.net/anime/9969/Gintama,TV,51,Apr 2011,Mar 2012,Finished Airing,,Mondays at 18:00 (JST),,"None found,",,,,N/A,24 min. per ep.,PG-13 - Teens 13 or older,#405,"597,732","8,474"
11,9.02,Gintama&#039;: Enchousen,15417,https://myanimelist.net/anime/15417/Gintama__Enchousen,TV,13,Oct 2012,Mar 2013,Finished Airing,,Thursdays at 18:00 (JST),,"None found,",,,,N/A,24 min. per ep.,PG-13 - Teens 13 or older,#753,"349,728","3,137"
12,8.99,Bleach: Sennen Kessen-hen,41467,https://myanimelist.net/anime/41467/Bleach__Sennen_Kessen-hen,TV,13,Oct 2022,Dec 2022,Finished Airing,,Tuesdays at 00:00 (JST),,,,,,N/A,24 min. per ep.,R - 17+ (violence &amp; profanity),#359,"659,119","22,595"
13,8.98,Gintama.,34096,https://myanimelist.net/anime/34096/Gintama,TV,12,Jan 2017,Mar 2017,Finished Airing,,Mondays at 01:35 (JST),,"None found,",,,,N/A,24 min. per ep.,PG-13 - Teens 13 or older,#785,"339,716","2,795"
14,8.97,Kaguya-sama wa Kokurasetai: Ultra Romantic,43608,https://myanimelist.net/anime/43608/Kaguya-sama_wa_Kokurasetai__Ultra_Romantic,TV,13,Apr 2022,Jun 2022,Finished Airing,,Saturdays at 00:00 (JST),,,,,,N/A,23 min. per ep.,PG-13 - Teens 13 or older,#166,"1,057,380","32,665"
15,8.94,Fruits Basket: The Final,42938,https://myanimelist.net/anime/42938/Fruits_Basket__The_Final,TV,13,Apr 2021,Jun 2021,Finished Airing,,Tuesdays at 01:30 (JST),,,,,,N/A,23 min. per ep.,PG-13 - Teens 13 or older,#451,"540,592","21,104"
16,8.93,Clannad: After Story,4181,https://myanimelist.net/anime/4181/Clannad__After_Story,TV,24,Oct 2008,Mar 2009,Finished Airing,,Fridays at 01:59 (JST),,,,Visual novel,,N/A,24 min. per ep.,PG-13 - Teens 13 or older,#121,"1,257,882","72,611"
17,8.93,Gintama,918,https://myanimelist.net/anime/918/Gintama,TV,201,Apr 2006,Mar 2010,Finished Airing,,Thursdays at 18:00 (JST),,,,,,N/A,24 min. per ep.,PG-13 - Teens 13 or older,#146,"1,128,479","60,997"
18,8.93,Koe no Katachi,28851,https://myanimelist.net/anime/28851/Koe_no_Katachi,Movie,1,Sep 2016,Sep 2016,Finished Airing,N/A,N/A,,,,,,N/A,2 hr. 10 min.,PG-13 - Teens 13 or older,#19,"2,523,635","93,654"
19,8.91,Kusuriya no Hitorigoto 2nd Season,58514,https://myanimelist.net/anime/58514/Kusuriya_no_Hitorigoto_2nd_Season,TV,24,Jan 2025,Jul 2025,Finished Airing,,Fridays at 23:00 (JST),,"None found,",,,,N/A,24 min. per ep.,PG-13 - Teens 13 or older,#656,"396,905","5,824"
20,8.91,Code Geass: Hangyaku no Lelouch R2,2904,https://myanimelist.net/anime/2904/Code_Geass__Hangyaku_no_Lelouch_R2,TV,25,Apr 2008,Sep 2008,Finished Airing,,Sundays at 17:00 (JST),,,,Original,,N/A,24 min. per ep.,R - 17+ (violence &amp; profanity),#47,"1,899,121","79,549"
21,8.90,3-gatsu no Lion 2nd Season,35180,https://myanimelist.net/anime/35180/3-gatsu_no_Lion_2nd_Season,TV,22,Oct 2017,Mar 2018,Finished Airing,,Saturdays at 23:00 (JST),,,,,N/A,N/A,25 min. per ep.,PG-13 - Teens 13 or older,#594,"428,992","15,323"
22,8.90,Gintama Movie 2: Kanketsu-hen - Yorozuya yo Eien Nare,15335,https://myanimelist.net/anime/15335/Gintama_Movie_2__Kanketsu-hen_-_Yorozuya_yo_Eien_Nare,Movie,1,Jul 2013,Jul 2013,Finished Airing,N/A,N/A,,"None found,",,,,N/A,1 hr. 50 min.,PG-13 - Teens 13 or older,#1050,"257,114","2,142"
23,8.89,Monster,19,https://myanimelist.net/anime/19/Monster,TV,74,Apr 2004,Sep 2005,Finished Airing,,Wednesdays at 00:40 (JST),,,,,,N/A,24 min. per ep.,R+ - Mild Nudity,#119,"1,264,045","59,141"
24,8.88,Gintama. Shirogane no Tamashii-hen - Kouhan-sen,37491,https://myanimelist.net/anime/37491/Gintama_Shirogane_no_Tamashii-hen_-_Kouhan-sen,TV,14,Jul 2018,Oct 2018,Finished Airing,,Mondays at 01:35 (JST),,"None found,",,,,N/A,24 min. per ep.,PG-13 - Teens 13 or older,#1228,"219,228","1,083"
25,8.86,Kusuriya no Hitorigoto,54492,https://myanimelist.net/anime/54492/Kusuriya_no_Hitorigoto,TV,24,Oct 2023,Mar 2024,Finished Airing,,Sundays at 01:05 (JST),,,,,,N/A,22 min. per ep.,PG-13 - Teens 13 or older,#311,"720,388","23,399"
26,8.86,Owarimonogatari 2nd Season,35247,https://myanimelist.net/anime/35247/Owarimonogatari_2nd_Season,Special,7,Aug 2017,Aug 2017,Finished Airing,N/A,N/A,,,,,,N/A,22 min. per ep.,R - 17+ (violence &amp; profanity),#597,"426,956","8,962"
27,8.86,Shingeki no Kyojin: The Final Season - Kanketsu-hen,51535,https://myanimelist.net/anime/51535/Shingeki_no_Kyojin__The_Final_Season_-_Kanketsu-hen,Special,2,Mar 2023,Nov 2023,Finished Airing,N/A,N/A,,,,,,N/A,1 hr. 12 min. per ep.,R - 17+ (violence &amp; profanity),#270,"801,329","16,823"
28,8.84,Takopii no Genzai,60489,https://myanimelist.net/anime/60489/Takopii_no_Genzai,ONA,6,Jun 2025,Aug 2025,Finished Airing,N/A,N/A,,"None found,",,,,N/A,23 min. per ep.,R - 17+ (violence &amp; profanity),#1241,"217,134","4,610"
29,8.84,Violet Evergarden Movie,37987,https://myanimelist.net/anime/37987/Violet_Evergarden_Movie,Movie,1,Sep 2020,Sep 2020,Finished Airing,N/A,N/A,,,,,,N/A,2 hr. 20 min.,PG-13 - Teens 13 or older,#330,"693,972","9,450"
30,8.83,Shingeki no Kyojin Movie: Kanketsu-hen - The Last Attack,59571,https://myanimelist.net/anime/59571/Shingeki_no_Kyojin_Movie__Kanketsu-hen_-_The_Last_Attack,Movie,1,Nov 2024,Nov 2024,Finished Airing,N/A,N/A,,"None found,",,,,N/A,2 hr. 24 min.,R - 17+ (violence &amp; profanity),#3092,"61,276",450
31,8.83,Kimi no Na wa.,32281,https://myanimelist.net/anime/32281/Kimi_no_Na_wa,Movie,1,Aug 2016,Aug 2016,Finished Airing,N/A,N/A,,,,Original,,N/A,1 hr. 46 min.,PG-13 - Teens 13 or older,#11,"2,940,177","94,223"
32,8.83,Kingdom 3rd Season,40682,https://myanimelist.net/anime/40682/Kingdom_3rd_Season,TV,26,Apr 2020,Oct 2021,Finished Airing,,Mondays at 00:10 (JST),,,,,N/A,N/A,25 min. per ep.,R - 17+ (violence &amp; profanity),#1982,"124,098","2,512"
33,8.82,Vinland Saga Season 2,49387,https://myanimelist.net/anime/49387/Vinland_Saga_Season_2,TV,24,Jan 2023,Jun 2023,Finished Airing,,Tuesdays at 00:30 (JST),,,,,,N/A,25 min. per ep.,R - 17+ (violence &amp; profanity),#281,"782,890","18,860"
34,8.81,Gintama. Shirogane no Tamashii-hen,36838,https://myanimelist.net/anime/36838/Gintama_Shirogane_no_Tamashii-hen,TV,12,Jan 2018,Mar 2018,Finished Airing,,Mondays at 01:35 (JST),,"None found,",,,,N/A,24 min. per ep.,PG-13 - Teens 13 or older,#1168,"231,700","1,213"
35,8.78,Hajime no Ippo,263,https://myanimelist.net/anime/263/Hajime_no_Ippo,TV,75,Oct 2000,Mar 2002,Finished Airing,,Tuesdays at 00:50 (JST),,,,,N/A,N/A,23 min. per ep.,PG-13 - Teens 13 or older,#353,"664,983","24,342"
36,8.78,Shingeki no Kyojin: The Final Season,40028,https://myanimelist.net/anime/40028/Shingeki_no_Kyojin__The_Final_Season,TV,16,Dec 2020,Mar 2021,Finished Airing,,Mondays at 00:10 (JST),,,,,,N/A,23 min. per ep.,R - 17+ (violence &amp; profanity),#31,"2,199,783","53,442"
37,8.78,Kizumonogatari III: Reiketsu-hen,31758,https://myanimelist.net/anime/31758/Kizumonogatari_III__Reiketsu-hen,Movie,1,Jan 2017,Jan 2017,Finished Airing,N/A,N/A,,,,,,N/A,1 hr. 22 min.,R - 17+ (violence &amp; profanity),#500,"498,467","7,987"
38,8.78,Mob Psycho 100 II,37510,https://myanimelist.net/anime/37510/Mob_Psycho_100_II,TV,13,Jan 2019,Apr 2019,Finished Airing,,Mondays at 23:00 (JST),,,,,,N/A,24 min. per ep.,PG-13 - Teens 13 or older,#73,"1,669,361","33,451"
39,8.77,Haikyuu!! Karasuno Koukou vs. Shiratorizawa Gakuen Koukou,32935,https://myanimelist.net/anime/32935/Haikyuu_Karasuno_Koukou_vs_Shiratorizawa_Gakuen_Koukou,TV,10,Oct 2016,Dec 2016,Finished Airing,,Saturdays at 01:55 (JST),,,,,N/A,N/A,24 min. per ep.,PG-13 - Teens 13 or older,#116,"1,292,929","15,885"
40,8.77,Sen to Chihiro no Kamikakushi,199,https://myanimelist.net/anime/199/Sen_to_Chihiro_no_Kamikakushi,Movie,1,Jul 2001,Jul 2001,Finished Airing,N/A,N/A,,,,Original,,N/A,2 hr. 4 min.,PG - Children,#44,"1,976,621","34,557"
41,8.77,Shingeki no Kyojin: The Final Season Part 2,48583,https://myanimelist.net/anime/48583/Shingeki_no_Kyojin__The_Final_Season_Part_2,TV,12,Jan 2022,Apr 2022,Finished Airing,,Mondays at 00:05 (JST),,,,,,N/A,23 min. per ep.,R - 17+ (violence &amp; profanity),#95,"1,479,210","31,678"
42,8.77,Vinland Saga,37521,https://myanimelist.net/anime/37521/Vinland_Saga,TV,24,Jul 2019,Dec 2019,Finished Airing,,Mondays at 00:10 (JST),,,,,,N/A,24 min. per ep.,R - 17+ (violence &amp; profanity),#63,"1,725,050","54,353"
43,8.76,Kimetsu no Yaiba Movie 1: Mugenjou-hen - Akaza Sairai,59192,https://myanimelist.net/anime/59192/Kimetsu_no_Yaiba_Movie_1__Mugenjou-hen_-_Akaza_Sairai,Movie,1,Jul 2025,Jul 2025,Finished Airing,N/A,N/A,,"None found,",,,,N/A,2 hr. 35 min.,R - 17+ (violence &amp; profanity),#1167,"231,841","2,330"
44,8.76,Monogatari Series: Second Season,17074,https://myanimelist.net/anime/17074/Monogatari_Series__Second_Season,TV,26,Jul 2013,Dec 2013,Finished Airing,,Sundays at 00:00 (JST),,,,,,N/A,25 min. per ep.,R - 17+ (violence &amp; profanity),#322,"705,639","24,091"
45,8.76,Ashita no Joe 2,2921,https://myanimelist.net/anime/2921/Ashita_no_Joe_2,TV,47,Oct 1980,Aug 1981,Finished Airing,,Unknown,,"None found,",,,,N/A,24 min. per ep.,PG-13 - Teens 13 or older,#3031,"63,481","3,149"
46,8.75,Cowboy Bebop,1,https://myanimelist.net/anime/1/Cowboy_Bebop,TV,26,Apr 1998,Apr 1999,Finished Airing,,Saturdays at 01:00 (JST),,,,Original,,N/A,24 min. per ep.,R - 17+ (violence &amp; profanity),#42,"1,998,661","87,600"
47,8.74,Bocchi the Rock!,47917,https://myanimelist.net/anime/47917/Bocchi_the_Rock,TV,12,Oct 2022,Dec 2022,Finished Airing,,Sundays at 00:00 (JST),,,,,N/A,N/A,23 min. per ep.,PG-13 - Teens 13 or older,#304,"728,561","34,448"
48,8.73,Boku no Kokoro no Yabai Yatsu 2nd Season,55690,https://myanimelist.net/anime/55690/Boku_no_Kokoro_no_Yabai_Yatsu_2nd_Season,TV,13,Jan 2024,Mar 2024,Finished Airing,,Sundays at 01:30 (JST),,,,,,N/A,23 min. per ep.,PG-13 - Teens 13 or older,#955,"279,762","5,836"
49,8.73,Jujutsu Kaisen 2nd Season,51009,https://myanimelist.net/anime/51009/Jujutsu_Kaisen_2nd_Season,TV,23,Jul 2023,Dec 2023,Finished Airing,,Thursdays at 23:56 (JST),,,,,,N/A,23 min. per ep.,R - 17+ (violence &amp; profanity),#122,"1,252,553","24,843"
50,8.73,Kaguya-sama wa Kokurasetai: First Kiss wa Owaranai,52198,https://myanimelist.net/anime/52198/Kaguya-sama_wa_Kokurasetai__First_Kiss_wa_Owaranai,Movie,1,Dec 2022,Dec 2022,Finished Airing,N/A,N/A,,,,,,N/A,1 hr. 36 min.,PG-13 - Teens 13 or older,#768,"344,749","2,218"
51,8.73,Kingdom 4th Season,50160,https://myanimelist.net/anime/50160/Kingdom_4th_Season,TV,26,Apr 2022,Oct 2022,Finished Airing,,Sundays at 00:00 (JST),,"None found,",,,N/A,N/A,24 min. per ep.,R - 17+ (violence &amp; profanity),#2616,"81,899","1,142"
52,8.73,One Piece,21,https://myanimelist.net/anime/21/One_Piece,,,Oct 1999,,Currently Airing,,Sundays at 23:15 (JST),,,,,,N/A,24 min.,PG-13 - Teens 13 or older,#17,"2,579,058","243,112"
53,8.72,Kingdom 5th Season,53223,https://myanimelist.net/anime/53223/Kingdom_5th_Season,TV,13,Jan 2024,Mar 2024,Finished Airing,,Sundays at 00:00 (JST),,"None found,",,,N/A,N/A,24 min. per ep.,R - 17+ (violence &amp; profanity),#3311,"53,742",573
54,8.72,Mushishi Zoku Shou 2nd Season,24701,https://myanimelist.net/anime/24701/Mushishi_Zoku_Shou_2nd_Season,TV,10,Oct 2014,Dec 2014,Finished Airing,,Sundays at 00:30 (JST),,,,,,N/A,23 min. per ep.,PG-13 - Teens 13 or older,#934,"286,118","1,568"
55,8.72,Shiguang Dailiren,44074,https://myanimelist.net/anime/44074/Shiguang_Dailiren,ONA,11,Apr 2021,Jul 2021,Finished Airing,N/A,N/A,,,,Original,,N/A,23 min. per ep.,PG-13 - Teens 13 or older,#554,"452,296","14,132"
56,8.72,The First Slam Dunk,45649,https://myanimelist.net/anime/45649/The_First_Slam_Dunk,Movie,1,Dec 2022,Dec 2022,Finished Airing,N/A,N/A,,,,,,N/A,2 hr. 4 min.,PG-13 - Teens 13 or older,#2881,"69,569",992
57,8.72,Tu Bian Yingxiong X,53447,https://myanimelist.net/anime/53447/Tu_Bian_Yingxiong_X,ONA,24,Apr 2025,Sep 2025,Finished Airing,N/A,N/A,,"None found,",,Original,N/A,N/A,25 min. per ep.,PG-13 - Teens 13 or older,#1503,"175,404","3,046"
58,8.72,86 Part 2,48569,https://myanimelist.net/anime/48569/86_Part_2,TV,12,Oct 2021,Mar 2022,Finished Airing,,Sundays at 00:00 (JST),,"None found,",,,,N/A,23 min. per ep.,R - 17+ (violence &amp; profanity),#402,"601,302","17,610"
59,8.72,Hibike! Euphonium 3,39894,https://myanimelist.net/anime/39894/Hibike_Euphonium_3,TV,13,Apr 2024,Jun 2024,Finished Airing,,Sundays at 17:00 (JST),,"None found,",,Novel,N/A,N/A,24 min. per ep.,PG-13 - Teens 13 or older,#2454,"90,767","1,850"
60,8.71,Code Geass: Hangyaku no Lelouch,1575,https://myanimelist.net/anime/1575/Code_Geass__Hangyaku_no_Lelouch,TV,25,Oct 2006,Jul 2007,Finished Airing,,Fridays at 01:25 (JST),,,,Original,,N/A,24 min. per ep.,R - 17+ (violence &amp; profanity),#22,"2,400,091","114,123"
61,8.71,Kimetsu no Yaiba: Yuukaku-hen,47778,https://myanimelist.net/anime/47778/Kimetsu_no_Yaiba__Yuukaku-hen,TV,11,Dec 2021,Feb 2022,Finished Airing,,Sundays at 23:15 (JST),,,,,,N/A,26 min. per ep.,R - 17+ (violence &amp; profanity),#74,"1,650,267","25,060"
62,8.71,Mob Psycho 100 III,50172,https://myanimelist.net/anime/50172/Mob_Psycho_100_III,TV,12,Oct 2022,Dec 2022,Finished Airing,,Thursdays at 00:00 (JST),,"None found,",,,,N/A,23 min. per ep.,PG-13 - Teens 13 or older,#267,"808,382","11,969"
63,8.70,Bleach: Sennen Kessen-hen - Ketsubetsu-tan,53998,https://myanimelist.net/anime/53998/Bleach__Sennen_Kessen-hen_-_Ketsubetsu-tan,TV,13,Jul 2023,Sep 2023,Finished Airing,,Saturdays at 23:00 (JST),,,,,,N/A,24 min. per ep.,R - 17+ (violence &amp; profanity),#696,"376,852","4,894"
64,8.70,Chi. Chikyuu no Undou ni Tsuite,52215,https://myanimelist.net/anime/52215/Chi_Chikyuu_no_Undou_ni_Tsuite,TV,25,Oct 2024,Mar 2025,Finished Airing,,Saturdays at 23:45 (JST),,"None found,",,,N/A,N/A,25 min. per ep.,R - 17+ (violence &amp; profanity),#1138,"237,887","5,411"
65,8.70,Shouwa Genroku Rakugo Shinjuu: Sukeroku Futatabi-hen,33095,https://myanimelist.net/anime/33095/Shouwa_Genroku_Rakugo_Shinjuu__Sukeroku_Futatabi-hen,TV,12,Jan 2017,Mar 2017,Finished Airing,,Saturdays at 02:25 (JST),,"None found,",,,N/A,N/A,24 min. per ep.,PG-13 - Teens 13 or older,#1343,"198,533","3,224"
66,8.69,Rurouni Kenshin: Meiji Kenkaku Romantan - Tsuioku-hen,44,https://myanimelist.net/anime/44/Rurouni_Kenshin__Meiji_Kenkaku_Romantan_-_Tsuioku-hen,OVA,4,Feb 1999,Sep 1999,Finished Airing,N/A,N/A,,,,,,N/A,29 min. per ep.,R - 17+ (violence &amp; profanity),#924,"288,738","6,397"
67,8.69,Violet Evergarden,33352,https://myanimelist.net/anime/33352/Violet_Evergarden,TV,13,Jan 2018,Apr 2018,Finished Airing,,Thursdays at 00:00 (JST),,,,,N/A,N/A,24 min. per ep.,PG-13 - Teens 13 or older,#46,"1,931,910","66,945"
68,8.69,Kaoru Hana wa Rin to Saku,59845,https://myanimelist.net/anime/59845/Kaoru_Hana_wa_Rin_to_Saku,TV,13,Jul 2025,Sep 2025,Currently Airing,,Sundays at 00:30 (JST),,"None found,",,,,N/A,24 min. per ep.,PG-13 - Teens 13 or older,#963,"278,551","4,211"
69,8.68,Mo Dao Zu Shi: Wanjie Pian,40434,https://myanimelist.net/anime/40434/Mo_Dao_Zu_Shi__Wanjie_Pian,ONA,12,Aug 2021,Oct 2021,Finished Airing,N/A,N/A,,"None found,",,Web novel,,N/A,24 min. per ep.,R - 17+ (violence &amp; profanity),#2411,"93,038","1,705"
70,8.68,Mushishi Zoku Shou,21939,https://myanimelist.net/anime/21939/Mushishi_Zoku_Shou,TV,10,Apr 2014,Jun 2014,Finished Airing,,Saturdays at 00:00 (JST),,,,,,N/A,24 min. per ep.,PG-13 - Teens 13 or older,#842,"320,018","1,631"
71,8.68,Great Teacher Onizuka,245,https://myanimelist.net/anime/245/Great_Teacher_Onizuka,TV,43,Jun 1999,Sep 2000,Finished Airing,,Wednesdays at 19:30 (JST),,,,,N/A,N/A,25 min. per ep.,R - 17+ (violence &amp; profanity),#220,"892,749","28,049"
72,8.67,Bleach: Sennen Kessen-hen - Soukoku-tan,56784,https://myanimelist.net/anime/56784/Bleach__Sennen_Kessen-hen_-_Soukoku-tan,TV,14,Oct 2024,Dec 2024,Finished Airing,,Saturdays at 23:00 (JST),,"None found,",,,,N/A,24 min. per ep.,R - 17+ (violence &amp; profanity),#1051,"256,757","3,442"
73,8.65,Grand Blue Season 2,59986,https://myanimelist.net/anime/59986/Grand_Blue_Season_2,TV,12,Jul 2025,Sep 2025,Finished Airing,,Tuesdays at 00:30 (JST),,"None found,",,,N/A,N/A,24 min. per ep.,PG-13 - Teens 13 or older,#1770,"143,301",895
74,8.67,Hajime no Ippo: New Challenger,5258,https://myanimelist.net/anime/5258/Hajime_no_Ippo__New_Challenger,TV,26,Jan 2009,Jul 2009,Finished Airing,,Wednesdays at 01:29 (JST),,"None found,",,,N/A,N/A,23 min. per ep.,PG-13 - Teens 13 or older,#859,"315,280","1,918"
75,8.67,Howl no Ugoku Shiro,431,https://myanimelist.net/anime/431/Howl_no_Ugoku_Shiro,Movie,1,Nov 2004,Nov 2004,Finished Airing,N/A,N/A,,,,Novel,,N/A,1 hr. 59 min.,G - All Ages,#100,"1,445,456","31,073"
76,8.67,Mononoke Hime,164,https://myanimelist.net/anime/164/Mononoke_Hime,Movie,1,Jul 1997,Jul 1997,Finished Airing,N/A,N/A,,,,Original,,N/A,2 hr. 13 min.,PG-13 - Teens 13 or older,#106,"1,343,994","23,597"
77,8.66,Monogatari Series: Off &amp; Monster Season,57864,https://myanimelist.net/anime/57864/Monogatari_Series__Off___Monster_Season,ONA,14,Jul 2024,Oct 2024,Finished Airing,N/A,N/A,,,,,,N/A,25 min. per ep.,R - 17+ (violence &amp; profanity),#2391,"94,298",841
78,8.66,Guimi Zhi Zhu: Xiaochou Pian,49818,https://myanimelist.net/anime/49818/Guimi_Zhi_Zhu__Xiaochou_Pian,ONA,13,Jun 2025,Aug 2025,Finished Airing,N/A,N/A,,"None found,",,Web novel,,N/A,35 min. per ep.,R - 17+ (violence &amp; profanity),#1825,"137,721","2,616"
79,8.65,Shiguang Dailiren II,49413,https://myanimelist.net/anime/49413/Shiguang_Dailiren_II,ONA,12,Jul 2023,Sep 2023,Finished Airing,N/A,N/A,,"None found,",,Original,,N/A,24 min. per ep.,R - 17+ (violence &amp; profanity),#1642,"157,340","2,075"
80,8.65,Tian Guan Cifu Er,50399,https://myanimelist.net/anime/50399/Tian_Guan_Cifu_Er,ONA,12,Oct 2023,Jan 2024,Finished Airing,N/A,N/A,,"None found,",,Web novel,,N/A,24 min. per ep.,PG-13 - Teens 13 or older,#3126,"59,871","1,249"
81,8.65,Mushishi,457,https://myanimelist.net/anime/457/Mushishi,TV,26,Oct 2005,Jun 2006,Finished Airing,,Sundays at 03:40 (JST),,,,,,N/A,23 min. per ep.,PG-13 - Teens 13 or older,#224,"883,795","27,949"
82,8.65,Ore dake Level Up na Ken Season 2: Arise from the Shadow,58567,https://myanimelist.net/anime/58567/Ore_dake_Level_Up_na_Ken_Season_2__Arise_from_the_Shadow,TV,13,Jan 2025,Mar 2025,Finished Airing,,Sundays at 00:00 (JST),,"None found,",,,,N/A,23 min. per ep.,R - 17+ (violence &amp; profanity),#349,"666,268","10,586"
83,8.64,Odd Taxi,46102,https://myanimelist.net/anime/46102/Odd_Taxi,TV,13,Apr 2021,Jun 2021,Finished Airing,,Tuesdays at 02:00 (JST),,"None found,",,Original,,N/A,23 min. per ep.,PG-13 - Teens 13 or older,#509,"488,484","8,937"
84,8.64,Fate/stay night Movie: Heaven&#039;s Feel - III. Spring Song,33050,https://myanimelist.net/anime/33050/Fate_stay_night_Movie__Heavens_Feel_-_III_Spring_Song,Movie,1,Aug 2020,Aug 2020,Finished Airing,N/A,N/A,,,,Visual novel,,N/A,2 hr. 2 min.,R - 17+ (violence &amp; profanity),#670,"389,949","8,372"
85,8.64,Shigatsu wa Kimi no Uso,23273,https://myanimelist.net/anime/23273/Shigatsu_wa_Kimi_no_Uso,TV,22,Oct 2014,Mar 2015,Finished Airing,,Fridays at 01:20 (JST),,,,,,N/A,22 min. per ep.,PG-13 - Teens 13 or older,#24,"2,357,715","88,925"
86,8.64,Shingeki no Kyojin Season 3,35760,https://myanimelist.net/anime/35760/Shingeki_no_Kyojin_Season_3,TV,12,Jul 2018,Oct 2018,Finished Airing,,Mondays at 00:35 (JST),,,,,,N/A,23 min. per ep.,R - 17+ (violence &amp; profanity),#18,"2,572,120","21,835"
87,8.64,Tengen Toppa Gurren Lagann,2001,https://myanimelist.net/anime/2001/Tengen_Toppa_Gurren_Lagann,TV,27,Apr 2007,Sep 2007,Finished Airing,,Sundays at 08:30 (JST),,,,Original,,N/A,24 min. per ep.,PG-13 - Teens 13 or older,#67,"1,718,064","82,757"
88,8.63,Look Back,58125,https://myanimelist.net/anime/58125/Look_Back,Movie,1,Jun 2024,Jun 2024,Finished Airing,N/A,N/A,,,,,N/A,N/A,57 min.,PG-13 - Teens 13 or older,#1378,"193,509","3,810"
89,8.63,Made in Abyss,34599,https://myanimelist.net/anime/34599/Made_in_Abyss,TV,13,Jul 2017,Sep 2017,Finished Airing,,Fridays at 21:30 (JST),,,,,,N/A,25 min. per ep.,R - 17+ (violence &amp; profanity),#92,"1,502,730","46,901"
90,8.63,Natsume Yuujinchou Shi,11665,https://myanimelist.net/anime/11665/Natsume_Yuujinchou_Shi,TV,13,Jan 2012,Mar 2012,Finished Airing,,Tuesdays at 01:30 (JST),,,,,,N/A,24 min. per ep.,PG-13 - Teens 13 or older,#1034,"261,492","2,093"
91,8.62,Kaguya-sama wa Kokurasetai? Tensai-tachi no Renai Zunousen,40591,https://myanimelist.net/anime/40591/Kaguya-sama_wa_Kokurasetai_Tensai-tachi_no_Renai_Zunousen,TV,12,Apr 2020,Jun 2020,Finished Airing,,Saturdays at 23:30 (JST),,,,,,N/A,24 min. per ep.,PG-13 - Teens 13 or older,#98,"1,451,927","18,991"
92,8.62,Mushoku Tensei: Isekai Ittara Honki Dasu Part 2,45576,https://myanimelist.net/anime/45576/Mushoku_Tensei__Isekai_Ittara_Honki_Dasu_Part_2,TV,12,Oct 2021,Dec 2021,Finished Airing,,Mondays at 00:00 (JST),,,,,,N/A,23 min. per ep.,R - 17+ (violence &amp; profanity),#164,"1,067,219","19,112"
93,8.62,Ping Pong the Animation,22135,https://myanimelist.net/anime/22135/Ping_Pong_the_Animation,TV,11,Apr 2014,Jun 2014,Finished Airing,,Fridays at 00:50 (JST),,,,,,N/A,23 min. per ep.,PG-13 - Teens 13 or older,#599,"426,124","17,012"
94,8.62,Uma Musume: Pretty Derby - Shin Jidai no Tobira,57647,https://myanimelist.net/anime/57647/Uma_Musume__Pretty_Derby_-_Shin_Jidai_no_Tobira,Movie,1,May 2024,May 2024,Finished Airing,N/A,N/A,,"None found,",,Game,N/A,N/A,1 hr. 47 min.,PG-13 - Teens 13 or older,#4307,"32,592",454
95,8.62,Death Note,1535,https://myanimelist.net/anime/1535/Death_Note,TV,37,Oct 2006,Jun 2007,Finished Airing,,Wednesdays at 00:56 (JST),,,,,,N/A,23 min. per ep.,R - 17+ (violence &amp; profanity),#2,"4,168,010","181,930"
96,8.62,Haikyuu!! Second Season,28891,https://myanimelist.net/anime/28891/Haikyuu_Second_Season,TV,25,Oct 2015,Mar 2016,Finished Airing,,Sundays at 02:58 (JST),,,,,N/A,N/A,24 min. per ep.,PG-13 - Teens 13 or older,#88,"1,527,859","16,036"
97,8.61,Bungou Stray Dogs 5th Season,54898,https://myanimelist.net/anime/54898/Bungou_Stray_Dogs_5th_Season,TV,11,Jul 2023,Sep 2023,Finished Airing,,Wednesdays at 23:00 (JST),,"None found,",,,,N/A,23 min. per ep.,R - 17+ (violence &amp; profanity),#1132,"239,544","2,822"
98,8.61,Cyberpunk: Edgerunners,42310,https://myanimelist.net/anime/42310/Cyberpunk__Edgerunners,ONA,10,Sep 2022,Sep 2022,Finished Airing,N/A,N/A,,,,Game,,N/A,25 min. per ep.,R+ - Mild Nudity,#194,"959,117","32,254"
99,8.61,Haikyuu!! Movie: Gomisuteba no Kessen,52742,https://myanimelist.net/anime/52742/Haikyuu_Movie__Gomisuteba_no_Kessen,Movie,1,Feb 2024,Feb 2024,Finished Airing,N/A,N/A,,,,,N/A,N/A,1 hr. 24 min.,PG-13 - Teens 13 or older,#1327,"201,183","1,610"
100,8.61,Hajime no Ippo: Rising,19647,https://myanimelist.net/anime/19647/Hajime_no_Ippo__Rising,TV,25,Oct 2013,Mar 2014,Finished Airing,,Sundays at 01:35 (JST),,"None found,",,,N/A,N/A,22 min. per ep.,PG-13 - Teens 13 or older,#927,"288,258","1,397"
